{
  "BTC": 67553.9,
  "ETH": 1963.0,
  "BNB": 616.7,
  "XRP": 1.4283,
  "DOGE": 0.10024,
  "SOL": 84.34,
  "DOT": 1.35,
  "LTC": 54.86,
  "LINK": 8.825,
  "HBAR": 0.1007,
  "TAO": 181.8,
  "CFX": 0.05226,
  "TRX": 0.28612,
  "TON": 1.363,
  "NEAR": 1.0399,
  "LDO": 0.3297,
  "CRO": 0.07863,
  "ETC": 8.601,
  "XLM": 0.16361,
  "BCH": 555.5,
  "UNI": 3.453,
  "SUI": 0.9666,
  "FIL": 0.9515,
  "STX": 0.2564,
  "CRV": 0.2478,
  "AAVE": 117.52,
  "APT": 0.8808
}