{
  "BTC": 68575.4,
  "ETH": 1987.04,
  "BNB": 627.5,
  "XRP": 1.4493,
  "DOGE": 0.09996,
  "SOL": 86.53,
  "DOT": 1.371,
  "LTC": 55.66,
  "LINK": 8.929,
  "HBAR": 0.10051,
  "TAO": 181.8,
  "CFX": 0.05363,
  "TRX": 0.28722,
  "TON": 1.344,
  "NEAR": 1.0594,
  "LDO": 0.3344,
  "CRO": 0.07816,
  "ETC": 9.322,
  "XLM": 0.16316,
  "BCH": 572.9,
  "UNI": 3.637,
  "SUI": 0.9573,
  "FIL": 0.9874,
  "STX": 0.2561,
  "CRV": 0.2435,
  "AAVE": 121.62,
  "APT": 0.8974
}