{
  "BTC": 67659.6,
  "ETH": 1952.89,
  "BNB": 615.4,
  "XRP": 1.3923,
  "DOGE": 0.0957,
  "SOL": 83.43,
  "DOT": 1.318,
  "LTC": 53.28,
  "LINK": 8.705,
  "HBAR": 0.09764,
  "TAO": 176.6,
  "CFX": 0.05113,
  "TRX": 0.28941,
  "TON": 1.34,
  "NEAR": 1.0147,
  "LDO": 0.3119,
  "CRO": 0.07564,
  "ETC": 8.667,
  "XLM": 0.15429,
  "BCH": 569.0,
  "UNI": 3.47,
  "SUI": 0.9245,
  "FIL": 0.9291,
  "STX": 0.2443,
  "CRV": 0.2286,
  "AAVE": 118.39,
  "APT": 0.8328
}