{
  "BTC": 68656.4,
  "ETH": 2033.85,
  "BNB": 610.1,
  "XRP": 1.4039,
  "DOGE": 0.09529,
  "SOL": 83.15,
  "DOT": 1.305,
  "LTC": 54.34,
  "LINK": 8.701,
  "HBAR": 0.09496,
  "TAO": 160.3,
  "CFX": 0.05287,
  "TRX": 0.27838,
  "TON": 1.45,
  "NEAR": 1.008,
  "LDO": 0.3448,
  "CRO": 0.07726,
  "ETC": 8.403,
  "XLM": 0.16185,
  "BCH": 543.9,
  "UNI": 3.404,
  "SUI": 0.9522,
  "FIL": 0.9295,
  "STX": 0.2722,
  "CRV": 0.246,
  "AAVE": 116.67,
  "APT": 0.934
}