{
  "BTC": 67103.2,
  "ETH": 1947.6,
  "BNB": 608.7,
  "XRP": 1.3749,
  "DOGE": 0.09317,
  "SOL": 80.07,
  "DOT": 1.273,
  "LTC": 52.81,
  "LINK": 8.35,
  "HBAR": 0.09272,
  "TAO": 152.9,
  "CFX": 0.04742,
  "TRX": 0.2773,
  "TON": 1.37,
  "NEAR": 0.954,
  "LDO": 0.3289,
  "CRO": 0.07668,
  "ETC": 8.158,
  "XLM": 0.16069,
  "BCH": 503.2,
  "UNI": 3.341,
  "SUI": 0.914,
  "FIL": 0.8997,
  "STX": 0.2603,
  "CRV": 0.2357,
  "AAVE": 107.8,
  "APT": 0.912
}