{
  "BTC": 69754.0,
  "ETH": 2086.4,
  "BNB": 634.5,
  "XRP": 1.4681,
  "DOGE": 0.10395,
  "SOL": 87.38,
  "DOT": 1.398,
  "LTC": 56.08,
  "LINK": 9.034,
  "HBAR": 0.10254,
  "TAO": 191.8,
  "CFX": 0.0558,
  "TRX": 0.28296,
  "TON": 1.497,
  "NEAR": 1.068,
  "LDO": 0.357,
  "CRO": 0.08221,
  "ETC": 8.911,
  "XLM": 0.17146,
  "BCH": 564.0,
  "UNI": 3.581,
  "SUI": 0.9986,
  "FIL": 1.0011,
  "STX": 0.2762,
  "CRV": 0.2625,
  "AAVE": 129.5,
  "APT": 0.974
}