{
  "BTC": 67349.9,
  "ETH": 1967.53,
  "BNB": 614.8,
  "XRP": 1.4562,
  "DOGE": 0.10045,
  "SOL": 83.75,
  "DOT": 1.357,
  "LTC": 53.77,
  "LINK": 8.77,
  "HBAR": 0.10065,
  "TAO": 198.0,
  "CFX": 0.05443,
  "TRX": 0.28005,
  "TON": 1.422,
  "NEAR": 1.0387,
  "LDO": 0.3412,
  "CRO": 0.07927,
  "ETC": 8.681,
  "XLM": 0.16581,
  "BCH": 557.8,
  "UNI": 3.5,
  "SUI": 0.9683,
  "FIL": 0.9583,
  "STX": 0.26,
  "CRV": 0.2513,
  "AAVE": 126.73,
  "APT": 0.9247
}