{
  "BTC": 66370.9,
  "ETH": 1925.31,
  "BNB": 600.0,
  "XRP": 1.3966,
  "DOGE": 0.0968,
  "SOL": 80.58,
  "DOT": 1.272,
  "LTC": 51.79,
  "LINK": 8.437,
  "HBAR": 0.09739,
  "TAO": 175.5,
  "CFX": 0.05021,
  "TRX": 0.28041,
  "TON": 1.374,
  "NEAR": 0.9905,
  "LDO": 0.3182,
  "CRO": 0.07752,
  "ETC": 8.208,
  "XLM": 0.15863,
  "BCH": 548.8,
  "UNI": 3.327,
  "SUI": 0.9043,
  "FIL": 0.9047,
  "STX": 0.2468,
  "CRV": 0.2364,
  "AAVE": 122.37,
  "APT": 0.8465
}