{
  "BTC": 67493.1,
  "ETH": 1955.8,
  "BNB": 607.0,
  "XRP": 1.4736,
  "DOGE": 0.09952,
  "SOL": 83.14,
  "DOT": 1.338,
  "LTC": 53.57,
  "LINK": 8.705,
  "HBAR": 0.0994,
  "TAO": 186.9,
  "CFX": 0.05426,
  "TRX": 0.28199,
  "TON": 1.435,
  "NEAR": 1.0301,
  "LDO": 0.3344,
  "CRO": 0.07819,
  "ETC": 8.651,
  "XLM": 0.16692,
  "BCH": 556.0,
  "UNI": 3.452,
  "SUI": 0.9592,
  "FIL": 0.9541,
  "STX": 0.2625,
  "CRV": 0.2495,
  "AAVE": 123.72,
  "APT": 0.8997
}