{
  "BTC": 69061.3,
  "ETH": 2010.42,
  "BNB": 621.2,
  "XRP": 1.5225,
  "DOGE": 0.10773,
  "SOL": 87.35,
  "DOT": 1.366,
  "LTC": 55.03,
  "LINK": 8.861,
  "HBAR": 0.10025,
  "TAO": 185.2,
  "CFX": 0.05435,
  "TRX": 0.28058,
  "TON": 1.467,
  "NEAR": 1.056,
  "LDO": 0.3439,
  "CRO": 0.08072,
  "ETC": 8.783,
  "XLM": 0.17282,
  "BCH": 557.7,
  "UNI": 3.507,
  "SUI": 0.9877,
  "FIL": 0.9687,
  "STX": 0.2656,
  "CRV": 0.2525,
  "AAVE": 126.52,
  "APT": 0.926
}