{
  "BTC": 67669.9,
  "ETH": 1984.45,
  "BNB": 618.1,
  "XRP": 1.4759,
  "DOGE": 0.10106,
  "SOL": 82.93,
  "DOT": 1.354,
  "LTC": 54.48,
  "LINK": 8.796,
  "HBAR": 0.10117,
  "TAO": 189.1,
  "CFX": 0.05435,
  "TRX": 0.28001,
  "TON": 1.435,
  "NEAR": 1.0513,
  "LDO": 0.3395,
  "CRO": 0.0795,
  "ETC": 8.676,
  "XLM": 0.1671,
  "BCH": 559.6,
  "UNI": 3.554,
  "SUI": 0.9606,
  "FIL": 0.9615,
  "STX": 0.2604,
  "CRV": 0.2522,
  "AAVE": 127.48,
  "APT": 0.9001
}