{
  "BTC": 66488.9,
  "ETH": 1928.06,
  "BNB": 593.2,
  "XRP": 1.3532,
  "DOGE": 0.08895,
  "SOL": 79.64,
  "DOT": 1.236,
  "LTC": 51.2,
  "LINK": 8.234,
  "HBAR": 0.08786,
  "TAO": 145.7,
  "CFX": 0.04417,
  "TRX": 0.27508,
  "TON": 1.3,
  "NEAR": 0.946,
  "LDO": 0.3234,
  "CRO": 0.07562,
  "ETC": 8.043,
  "XLM": 0.15131,
  "BCH": 510.4,
  "UNI": 3.819,
  "SUI": 0.8831,
  "FIL": 0.8611,
  "STX": 0.2498,
  "CRV": 0.2272,
  "AAVE": 106.09,
  "APT": 0.928
}