{
  "BTC": 69249.3,
  "ETH": 2021.63,
  "BNB": 618.9,
  "XRP": 1.4061,
  "DOGE": 0.09296,
  "SOL": 84.26,
  "DOT": 1.281,
  "LTC": 53.33,
  "LINK": 8.569,
  "HBAR": 0.09141,
  "TAO": 157.3,
  "CFX": 0.04612,
  "TRX": 0.27744,
  "TON": 1.346,
  "NEAR": 0.996,
  "LDO": 0.3414,
  "CRO": 0.07882,
  "ETC": 8.376,
  "XLM": 0.15925,
  "BCH": 517.3,
  "UNI": 3.363,
  "SUI": 0.9331,
  "FIL": 0.91,
  "STX": 0.2563,
  "CRV": 0.2351,
  "AAVE": 109.49,
  "APT": 0.985
}