{
  "BTCUSDT": 88415.7,
  "ETHUSDT": 2925.92,
  "XRPUSDT": 1.8867,
  "BNBUSDT": 877.1,
  "SOLUSDT": 125.45,
  "LTCUSDT": 69.44,
  "DOGEUSDT": 0.12217,
  "SUIUSDT": 1.455,
  "TRXUSDT": 0.29795,
  "TONUSDT": 1.524,
  "ETCUSDT": 11.41,
  "BCHUSDT": 581.1,
  "HBARUSDT": 0.10582,
  "XLMUSDT": 0.20745,
  "FILUSDT": 1.28,
  "LINKUSDT": 11.947,
  "CROUSDT": 0.09062,
  "DOTUSDT": 1.883,
  "AAVEUSDT": 153.17,
  "UNIUSDT": 4.81,
  "NEARUSDT": 1.485,
  "APTUSDT": 1.53,
  "CFXUSDT": 0.06973,
  "CRVUSDT": 0.3546,
  "STXUSDT": 0.2908,
  "LDOUSDT": 0.5116,
  "TAOUSDT": 232.8
}