{
  "CFXUSDT": 0.0674,
  "CRVUSDT": 0.3474,
  "STXUSDT": 0.2981,
  "LDOUSDT": 0.5177,
  "TAOUSDT": 238.4,
  "BTCUSDT": 89490.0,
  "ETHUSDT": 3006.0,
  "XRPUSDT": 1.9059,
  "BNBUSDT": 902.5,
  "SOLUSDT": 125.96,
  "LTCUSDT": 68.97,
  "DOGEUSDT": 0.12453,
  "SUIUSDT": 1.4022,
  "TRXUSDT": 0.29099,
  "TONUSDT": 1.52,
  "ETCUSDT": 11.45,
  "BCHUSDT": 591.7,
  "HBARUSDT": 0.10672,
  "XLMUSDT": 0.20792,
  "FILUSDT": 1.262,
  "LINKUSDT": 11.752,
  "CROUSDT": 0.09061,
  "DOTUSDT": 1.844,
  "AAVEUSDT": 160.39,
  "UNIUSDT": 4.812,
  "NEARUSDT": 1.465,
  "APTUSDT": 1.586
}