{
  "BNBUSDT": 863.3,
  "SOLUSDT": 117.53,
  "LTCUSDT": 65.4,
  "DOGEUSDT": 0.11601,
  "SUIUSDT": 1.293,
  "TRXUSDT": 0.29174,
  "TONUSDT": 1.44,
  "ETCUSDT": 10.74,
  "BCHUSDT": 551.6,
  "HBARUSDT": 0.10029,
  "XLMUSDT": 0.19709,
  "FILUSDT": 1.196,
  "LINKUSDT": 10.988,
  "CROUSDT": 0.08775,
  "DOTUSDT": 1.721,
  "AAVEUSDT": 146.54,
  "UNIUSDT": 4.441,
  "NEARUSDT": 1.368,
  "APTUSDT": 1.481,
  "CFXUSDT": 0.0629,
  "CRVUSDT": 0.3243,
  "STXUSDT": 0.2796,
  "LDOUSDT": 0.4752,
  "TAOUSDT": 218.4,
  "BTCUSDT": 84843.2,
  "ETHUSDT": 2820.59,
  "XRPUSDT": 1.7985
}