{
  "BTCUSDT": 88640.0,
  "ETHUSDT": 2985.75,
  "XRPUSDT": 1.9058,
  "BNBUSDT": 894.0,
  "SOLUSDT": 126.13,
  "LTCUSDT": 70.12,
  "DOGEUSDT": 0.12471,
  "SUIUSDT": 1.4542,
  "TRXUSDT": 0.29494,
  "TONUSDT": 1.526,
  "ETCUSDT": 11.44,
  "BCHUSDT": 593.7,
  "HBARUSDT": 0.10681,
  "XLMUSDT": 0.20806,
  "FILUSDT": 1.281,
  "LINKUSDT": 12.125,
  "CROUSDT": 0.09098,
  "DOTUSDT": 1.868,
  "AAVEUSDT": 157.54,
  "UNIUSDT": 4.749,
  "NEARUSDT": 1.491,
  "APTUSDT": 1.563,
  "CFXUSDT": 0.06814,
  "CRVUSDT": 0.3465,
  "STXUSDT": 0.3016,
  "LDOUSDT": 0.5214,
  "TAOUSDT": 234.5
}