{
  "LDOUSDT": 0.4206,
  "TAOUSDT": 197.3,
  "BTCUSDT": 78567.2,
  "ETHUSDT": 2435.82,
  "XRPUSDT": 1.6476,
  "BNBUSDT": 782.0,
  "SOLUSDT": 104.89,
  "LTCUSDT": 59.18,
  "DOGEUSDT": 0.104,
  "SUIUSDT": 1.1481,
  "TRXUSDT": 0.28628,
  "TONUSDT": 1.336,
  "ETCUSDT": 9.7,
  "BCHUSDT": 508.7,
  "HBARUSDT": 0.09198,
  "XLMUSDT": 0.17943,
  "FILUSDT": 1.048,
  "LINKUSDT": 9.95,
  "CROUSDT": 0.07928,
  "DOTUSDT": 1.537,
  "AAVEUSDT": 129.02,
  "UNIUSDT": 3.953,
  "NEARUSDT": 1.199,
  "APTUSDT": 1.258,
  "CFXUSDT": 0.05556,
  "CRVUSDT": 0.2883,
  "STXUSDT": 0.259
}