{
  "BTCUSDT": 77567.0,
  "ETHUSDT": 2314.88,
  "XRPUSDT": 1.594,
  "BNBUSDT": 748.9,
  "SOLUSDT": 101.57,
  "LTCUSDT": 58.35,
  "DOGEUSDT": 0.1039,
  "SUIUSDT": 1.0993,
  "TRXUSDT": 0.28413,
  "TONUSDT": 1.326,
  "ETCUSDT": 9.56,
  "BCHUSDT": 521.5,
  "HBARUSDT": 0.08895,
  "XLMUSDT": 0.17344,
  "FILUSDT": 1.036,
  "LINKUSDT": 9.514,
  "CROUSDT": 0.07956,
  "DOTUSDT": 1.495,
  "AAVEUSDT": 123.75,
  "UNIUSDT": 3.82,
  "NEARUSDT": 1.167,
  "APTUSDT": 1.241,
  "CFXUSDT": 0.05436,
  "CRVUSDT": 0.2771,
  "STXUSDT": 0.2527,
  "LDOUSDT": 0.4059,
  "TAOUSDT": 188.6
}