{
  "BTCUSDT": 82848.3,
  "ETHUSDT": 2727.74,
  "XRPUSDT": 1.7589,
  "BNBUSDT": 850.1,
  "SOLUSDT": 116.75,
  "LTCUSDT": 64.82,
  "DOGEUSDT": 0.11597,
  "SUIUSDT": 1.2777,
  "TRXUSDT": 0.2915,
  "TONUSDT": 1.45,
  "ETCUSDT": 10.68,
  "BCHUSDT": 551.1,
  "HBARUSDT": 0.10027,
  "XLMUSDT": 0.19371,
  "FILUSDT": 1.173,
  "LINKUSDT": 10.766,
  "CROUSDT": 0.08332,
  "DOTUSDT": 1.684,
  "AAVEUSDT": 139.63,
  "UNIUSDT": 4.258,
  "NEARUSDT": 1.321,
  "APTUSDT": 1.453,
  "CFXUSDT": 0.0628,
  "CRVUSDT": 0.3212,
  "STXUSDT": 0.2847,
  "LDOUSDT": 0.4714,
  "TAOUSDT": 213.9
}