{
  "BTCUSDT": 89221.2,
  "ETHUSDT": 2955.46,
  "XRPUSDT": 1.912,
  "BNBUSDT": 885.1,
  "SOLUSDT": 127.25,
  "LTCUSDT": 68.46,
  "DOGEUSDT": 0.12405,
  "SUIUSDT": 1.489,
  "TRXUSDT": 0.29526,
  "TONUSDT": 1.539,
  "ETCUSDT": 11.58,
  "BCHUSDT": 594.7,
  "HBARUSDT": 0.10826,
  "XLMUSDT": 0.21083,
  "FILUSDT": 1.323,
  "LINKUSDT": 12.179,
  "CROUSDT": 0.09184,
  "DOTUSDT": 1.935,
  "AAVEUSDT": 156.59,
  "UNIUSDT": 4.866,
  "NEARUSDT": 1.512,
  "APTUSDT": 1.561,
  "CFXUSDT": 0.07107,
  "CRVUSDT": 0.36,
  "STXUSDT": 0.3026,
  "LDOUSDT": 0.5205,
  "TAOUSDT": 238.5
}