{
  "BTCUSDT": 89421.4,
  "ETHUSDT": 2953.85,
  "XRPUSDT": 1.9191,
  "BNBUSDT": 891.3,
  "SOLUSDT": 127.04,
  "LTCUSDT": 68.51,
  "DOGEUSDT": 0.12399,
  "SUIUSDT": 1.487,
  "TRXUSDT": 0.29596,
  "TONUSDT": 1.53,
  "ETCUSDT": 11.64,
  "BCHUSDT": 595.9,
  "HBARUSDT": 0.10785,
  "XLMUSDT": 0.21185,
  "FILUSDT": 1.315,
  "LINKUSDT": 12.177,
  "CROUSDT": 0.09263,
  "DOTUSDT": 1.916,
  "AAVEUSDT": 156.27,
  "UNIUSDT": 4.872,
  "NEARUSDT": 1.505,
  "APTUSDT": 1.553,
  "CFXUSDT": 0.07117,
  "CRVUSDT": 0.363,
  "STXUSDT": 0.3069,
  "LDOUSDT": 0.5205,
  "TAOUSDT": 237.6
}